source,table,quantity,beam_type,chamber_geometry,ionization_chamber,TPR20_10,kQ,unit
"IAEA TRS-398 (Rev. 1, 2024)",Table 16,kQ,high energy photon,cylindrical ionization chamber,Capintec PR-06C,0.56,1.0003,dimensionless
"IAEA TRS-398 (Rev. 1, 2024)",Table 16,kQ,high energy photon,cylindrical ionization chamber,Capintec PR-06C,0.59,0.9993,dimensionless
"IAEA TRS-398 (Rev. 1, 2024)",Table 16,kQ,high energy photon,cylindrical ionization chamber,Capintec PR-06C,0.62,0.998,dimensionless
"IAEA TRS-398 (Rev. 1, 2024)",Table 16,kQ,high energy photon,cylindrical ionization chamber,Capintec PR-06C,0.65,0.9961,dimensionless
"IAEA TRS-398 (Rev. 1, 2024)",Table 16,kQ,high energy photon,cylindrical ionization chamber,Capintec PR-06C,0.68,0.9934,dimensionless
"IAEA TRS-398 (Rev. 1, 2024)",Table 16,kQ,high energy photon,cylindrical ionization chamber,Capintec PR-06C,0.7,0.9909,dimensionless
"IAEA TRS-398 (Rev. 1, 2024)",Table 16,kQ,high energy photon,cylindrical ionization chamber,Capintec PR-06C,0.72,0.9878,dimensionless
"IAEA TRS-398 (Rev. 1, 2024)",Table 16,kQ,high energy photon,cylindrical ionization chamber,Capintec PR-06C,0.74,0.9839,dimensionless
"IAEA TRS-398 (Rev. 1, 2024)",Table 16,kQ,high energy photon,cylindrical ionization chamber,Capintec PR-06C,0.76,0.979,dimensionless
"IAEA TRS-398 (Rev. 1, 2024)",Table 16,kQ,high energy photon,cylindrical ionization chamber,Capintec PR-06C,0.78,0.9727,dimensionless
"IAEA TRS-398 (Rev. 1, 2024)",Table 16,kQ,high energy photon,cylindrical ionization chamber,Capintec PR-06C,0.8,0.9649,dimensionless
"IAEA TRS-398 (Rev. 1, 2024)",Table 16,kQ,high energy photon,cylindrical ionization chamber,Capintec PR-06C,0.82,0.9551,dimensionless
"IAEA TRS-398 (Rev. 1, 2024)",Table 16,kQ,high energy photon,cylindrical ionization chamber,Exradin A12,0.56,1.0004,dimensionless
"IAEA TRS-398 (Rev. 1, 2024)",Table 16,kQ,high energy photon,cylindrical ionization chamber,Exradin A12,0.59,0.9991,dimensionless
"IAEA TRS-398 (Rev. 1, 2024)",Table 16,kQ,high energy photon,cylindrical ionization chamber,Exradin A12,0.62,0.9973,dimensionless
"IAEA TRS-398 (Rev. 1, 2024)",Table 16,kQ,high energy photon,cylindrical ionization chamber,Exradin A12,0.65,0.9948,dimensionless
"IAEA TRS-398 (Rev. 1, 2024)",Table 16,kQ,high energy photon,cylindrical ionization chamber,Exradin A12,0.68,0.9915,dimensionless
"IAEA TRS-398 (Rev. 1, 2024)",Table 16,kQ,high energy photon,cylindrical ionization chamber,Exradin A12,0.7,0.9887,dimensionless
"IAEA TRS-398 (Rev. 1, 2024)",Table 16,kQ,high energy photon,cylindrical ionization chamber,Exradin A12,0.72,0.9852,dimensionless
"IAEA TRS-398 (Rev. 1, 2024)",Table 16,kQ,high energy photon,cylindrical ionization chamber,Exradin A12,0.74,0.9809,dimensionless
"IAEA TRS-398 (Rev. 1, 2024)",Table 16,kQ,high energy photon,cylindrical ionization chamber,Exradin A12,0.76,0.9756,dimensionless
"IAEA TRS-398 (Rev. 1, 2024)",Table 16,kQ,high energy photon,cylindrical ionization chamber,Exradin A12,0.78,0.9693,dimensionless
"IAEA TRS-398 (Rev. 1, 2024)",Table 16,kQ,high energy photon,cylindrical ionization chamber,Exradin A12,0.8,0.9615,dimensionless
"IAEA TRS-398 (Rev. 1, 2024)",Table 16,kQ,high energy photon,cylindrical ionization chamber,Exradin A12,0.82,0.9521,dimensionless
"IAEA TRS-398 (Rev. 1, 2024)",Table 16,kQ,high energy photon,cylindrical ionization chamber,Exradin A12S,0.56,1.0004,dimensionless
"IAEA TRS-398 (Rev. 1, 2024)",Table 16,kQ,high energy photon,cylindrical ionization chamber,Exradin A12S,0.59,0.999,dimensionless
"IAEA TRS-398 (Rev. 1, 2024)",Table 16,kQ,high energy photon,cylindrical ionization chamber,Exradin A12S,0.62,0.9972,dimensionless
"IAEA TRS-398 (Rev. 1, 2024)",Table 16,kQ,high energy photon,cylindrical ionization chamber,Exradin A12S,0.65,0.9947,dimensionless
"IAEA TRS-398 (Rev. 1, 2024)",Table 16,kQ,high energy photon,cylindrical ionization chamber,Exradin A12S,0.68,0.9913,dimensionless
"IAEA TRS-398 (Rev. 1, 2024)",Table 16,kQ,high energy photon,cylindrical ionization chamber,Exradin A12S,0.7,0.9885,dimensionless
"IAEA TRS-398 (Rev. 1, 2024)",Table 16,kQ,high energy photon,cylindrical ionization chamber,Exradin A12S,0.72,0.985,dimensionless
"IAEA TRS-398 (Rev. 1, 2024)",Table 16,kQ,high energy photon,cylindrical ionization chamber,Exradin A12S,0.74,0.9809,dimensionless
"IAEA TRS-398 (Rev. 1, 2024)",Table 16,kQ,high energy photon,cylindrical ionization chamber,Exradin A12S,0.76,0.9758,dimensionless
"IAEA TRS-398 (Rev. 1, 2024)",Table 16,kQ,high energy photon,cylindrical ionization chamber,Exradin A12S,0.78,0.9698,dimensionless
"IAEA TRS-398 (Rev. 1, 2024)",Table 16,kQ,high energy photon,cylindrical ionization chamber,Exradin A12S,0.8,0.9624,dimensionless
"IAEA TRS-398 (Rev. 1, 2024)",Table 16,kQ,high energy photon,cylindrical ionization chamber,Exradin A12S,0.82,0.9537,dimensionless
"IAEA TRS-398 (Rev. 1, 2024)",Table 16,kQ,high energy photon,cylindrical ionization chamber,Exradin A18,0.56,1.0004,dimensionless
"IAEA TRS-398 (Rev. 1, 2024)",Table 16,kQ,high energy photon,cylindrical ionization chamber,Exradin A18,0.59,0.9991,dimensionless
"IAEA TRS-398 (Rev. 1, 2024)",Table 16,kQ,high energy photon,cylindrical ionization chamber,Exradin A18,0.62,0.9973,dimensionless
"IAEA TRS-398 (Rev. 1, 2024)",Table 16,kQ,high energy photon,cylindrical ionization chamber,Exradin A18,0.65,0.9949,dimensionless
"IAEA TRS-398 (Rev. 1, 2024)",Table 16,kQ,high energy photon,cylindrical ionization chamber,Exradin A18,0.68,0.9917,dimensionless
"IAEA TRS-398 (Rev. 1, 2024)",Table 16,kQ,high energy photon,cylindrical ionization chamber,Exradin A18,0.7,0.9889,dimensionless
"IAEA TRS-398 (Rev. 1, 2024)",Table 16,kQ,high energy photon,cylindrical ionization chamber,Exradin A18,0.72,0.9855,dimensionless
"IAEA TRS-398 (Rev. 1, 2024)",Table 16,kQ,high energy photon,cylindrical ionization chamber,Exradin A18,0.74,0.9814,dimensionless
"IAEA TRS-398 (Rev. 1, 2024)",Table 16,kQ,high energy photon,cylindrical ionization chamber,Exradin A18,0.76,0.9764,dimensionless
"IAEA TRS-398 (Rev. 1, 2024)",Table 16,kQ,high energy photon,cylindrical ionization chamber,Exradin A18,0.78,0.9702,dimensionless
"IAEA TRS-398 (Rev. 1, 2024)",Table 16,kQ,high energy photon,cylindrical ionization chamber,Exradin A18,0.8,0.9628,dimensionless
"IAEA TRS-398 (Rev. 1, 2024)",Table 16,kQ,high energy photon,cylindrical ionization chamber,Exradin A18,0.82,0.9538,dimensionless
"IAEA TRS-398 (Rev. 1, 2024)",Table 16,kQ,high energy photon,cylindrical ionization chamber,Exradin A19,0.56,1.0005,dimensionless
"IAEA TRS-398 (Rev. 1, 2024)",Table 16,kQ,high energy photon,cylindrical ionization chamber,Exradin A19,0.59,0.9989,dimensionless
"IAEA TRS-398 (Rev. 1, 2024)",Table 16,kQ,high energy photon,cylindrical ionization chamber,Exradin A19,0.62,0.9968,dimensionless
"IAEA TRS-398 (Rev. 1, 2024)",Table 16,kQ,high energy photon,cylindrical ionization chamber,Exradin A19,0.65,0.994,dimensionless
"IAEA TRS-398 (Rev. 1, 2024)",Table 16,kQ,high energy photon,cylindrical ionization chamber,Exradin A19,0.68,0.9904,dimensionless
"IAEA TRS-398 (Rev. 1, 2024)",Table 16,kQ,high energy photon,cylindrical ionization chamber,Exradin A19,0.7,0.9873,dimensionless
"IAEA TRS-398 (Rev. 1, 2024)",Table 16,kQ,high energy photon,cylindrical ionization chamber,Exradin A19,0.72,0.9836,dimensionless
"IAEA TRS-398 (Rev. 1, 2024)",Table 16,kQ,high energy photon,cylindrical ionization chamber,Exradin A19,0.74,0.9792,dimensionless
"IAEA TRS-398 (Rev. 1, 2024)",Table 16,kQ,high energy photon,cylindrical ionization chamber,Exradin A19,0.76,0.9738,dimensionless
"IAEA TRS-398 (Rev. 1, 2024)",Table 16,kQ,high energy photon,cylindrical ionization chamber,Exradin A19,0.78,0.9675,dimensionless
"IAEA TRS-398 (Rev. 1, 2024)",Table 16,kQ,high energy photon,cylindrical ionization chamber,Exradin A19,0.8,0.9599,dimensionless
"IAEA TRS-398 (Rev. 1, 2024)",Table 16,kQ,high energy photon,cylindrical ionization chamber,Exradin A19,0.82,0.9509,dimensionless
"IAEA TRS-398 (Rev. 1, 2024)",Table 16,kQ,high energy photon,cylindrical ionization chamber,Exradin A1SL,0.56,1.0006,dimensionless
"IAEA TRS-398 (Rev. 1, 2024)",Table 16,kQ,high energy photon,cylindrical ionization chamber,Exradin A1SL,0.59,0.9987,dimensionless
"IAEA TRS-398 (Rev. 1, 2024)",Table 16,kQ,high energy photon,cylindrical ionization chamber,Exradin A1SL,0.62,0.9965,dimensionless
"IAEA TRS-398 (Rev. 1, 2024)",Table 16,kQ,high energy photon,cylindrical ionization chamber,Exradin A1SL,0.65,0.9936,dimensionless
"IAEA TRS-398 (Rev. 1, 2024)",Table 16,kQ,high energy photon,cylindrical ionization chamber,Exradin A1SL,0.68,0.9901,dimensionless
"IAEA TRS-398 (Rev. 1, 2024)",Table 16,kQ,high energy photon,cylindrical ionization chamber,Exradin A1SL,0.7,0.9873,dimensionless
"IAEA TRS-398 (Rev. 1, 2024)",Table 16,kQ,high energy photon,cylindrical ionization chamber,Exradin A1SL,0.72,0.984,dimensionless
"IAEA TRS-398 (Rev. 1, 2024)",Table 16,kQ,high energy photon,cylindrical ionization chamber,Exradin A1SL,0.74,0.9802,dimensionless
"IAEA TRS-398 (Rev. 1, 2024)",Table 16,kQ,high energy photon,cylindrical ionization chamber,Exradin A1SL,0.76,0.9759,dimensionless
"IAEA TRS-398 (Rev. 1, 2024)",Table 16,kQ,high energy photon,cylindrical ionization chamber,Exradin A1SL,0.78,0.9709,dimensionless
"IAEA TRS-398 (Rev. 1, 2024)",Table 16,kQ,high energy photon,cylindrical ionization chamber,Exradin A1SL,0.8,0.9652,dimensionless
"IAEA TRS-398 (Rev. 1, 2024)",Table 16,kQ,high energy photon,cylindrical ionization chamber,Exradin A1SL,0.82,0.9586,dimensionless
"IAEA TRS-398 (Rev. 1, 2024)",Table 16,kQ,high energy photon,cylindrical ionization chamber,Exradin A26,0.56,1.0004,dimensionless
"IAEA TRS-398 (Rev. 1, 2024)",Table 16,kQ,high energy photon,cylindrical ionization chamber,Exradin A26,0.59,0.9991,dimensionless
"IAEA TRS-398 (Rev. 1, 2024)",Table 16,kQ,high energy photon,cylindrical ionization chamber,Exradin A26,0.62,0.9974,dimensionless
"IAEA TRS-398 (Rev. 1, 2024)",Table 16,kQ,high energy photon,cylindrical ionization chamber,Exradin A26,0.65,0.9951,dimensionless
"IAEA TRS-398 (Rev. 1, 2024)",Table 16,kQ,high energy photon,cylindrical ionization chamber,Exradin A26,0.68,0.9919,dimensionless
"IAEA TRS-398 (Rev. 1, 2024)",Table 16,kQ,high energy photon,cylindrical ionization chamber,Exradin A26,0.7,0.9891,dimensionless
"IAEA TRS-398 (Rev. 1, 2024)",Table 16,kQ,high energy photon,cylindrical ionization chamber,Exradin A26,0.72,0.9857,dimensionless
"IAEA TRS-398 (Rev. 1, 2024)",Table 16,kQ,high energy photon,cylindrical ionization chamber,Exradin A26,0.74,0.9816,dimensionless
"IAEA TRS-398 (Rev. 1, 2024)",Table 16,kQ,high energy photon,cylindrical ionization chamber,Exradin A26,0.76,0.9765,dimensionless
"IAEA TRS-398 (Rev. 1, 2024)",Table 16,kQ,high energy photon,cylindrical ionization chamber,Exradin A26,0.78,0.9702,dimensionless
"IAEA TRS-398 (Rev. 1, 2024)",Table 16,kQ,high energy photon,cylindrical ionization chamber,Exradin A26,0.8,0.9626,dimensionless
"IAEA TRS-398 (Rev. 1, 2024)",Table 16,kQ,high energy photon,cylindrical ionization chamber,Exradin A26,0.82,0.9533,dimensionless
"IAEA TRS-398 (Rev. 1, 2024)",Table 16,kQ,high energy photon,cylindrical ionization chamber,Exradin A28,0.56,1.0004,dimensionless
"IAEA TRS-398 (Rev. 1, 2024)",Table 16,kQ,high energy photon,cylindrical ionization chamber,Exradin A28,0.59,0.999,dimensionless
"IAEA TRS-398 (Rev. 1, 2024)",Table 16,kQ,high energy photon,cylindrical ionization chamber,Exradin A28,0.62,0.9972,dimensionless
"IAEA TRS-398 (Rev. 1, 2024)",Table 16,kQ,high energy photon,cylindrical ionization chamber,Exradin A28,0.65,0.9947,dimensionless
"IAEA TRS-398 (Rev. 1, 2024)",Table 16,kQ,high energy photon,cylindrical ionization chamber,Exradin A28,0.68,0.9914,dimensionless
"IAEA TRS-398 (Rev. 1, 2024)",Table 16,kQ,high energy photon,cylindrical ionization chamber,Exradin A28,0.7,0.9886,dimensionless
"IAEA TRS-398 (Rev. 1, 2024)",Table 16,kQ,high energy photon,cylindrical ionization chamber,Exradin A28,0.72,0.9853,dimensionless
"IAEA TRS-398 (Rev. 1, 2024)",Table 16,kQ,high energy photon,cylindrical ionization chamber,Exradin A28,0.74,0.9813,dimensionless
"IAEA TRS-398 (Rev. 1, 2024)",Table 16,kQ,high energy photon,cylindrical ionization chamber,Exradin A28,0.76,0.9764,dimensionless
"IAEA TRS-398 (Rev. 1, 2024)",Table 16,kQ,high energy photon,cylindrical ionization chamber,Exradin A28,0.78,0.9706,dimensionless
"IAEA TRS-398 (Rev. 1, 2024)",Table 16,kQ,high energy photon,cylindrical ionization chamber,Exradin A28,0.8,0.9636,dimensionless
"IAEA TRS-398 (Rev. 1, 2024)",Table 16,kQ,high energy photon,cylindrical ionization chamber,Exradin A28,0.82,0.9552,dimensionless
"IAEA TRS-398 (Rev. 1, 2024)",Table 16,kQ,high energy photon,cylindrical ionization chamber,IBA CC13,0.56,1.0005,dimensionless
"IAEA TRS-398 (Rev. 1, 2024)",Table 16,kQ,high energy photon,cylindrical ionization chamber,IBA CC13,0.59,0.9989,dimensionless
"IAEA TRS-398 (Rev. 1, 2024)",Table 16,kQ,high energy photon,cylindrical ionization chamber,IBA CC13,0.62,0.9969,dimensionless
"IAEA TRS-398 (Rev. 1, 2024)",Table 16,kQ,high energy photon,cylindrical ionization chamber,IBA CC13,0.65,0.9942,dimensionless
"IAEA TRS-398 (Rev. 1, 2024)",Table 16,kQ,high energy photon,cylindrical ionization chamber,IBA CC13,0.68,0.9906,dimensionless
"IAEA TRS-398 (Rev. 1, 2024)",Table 16,kQ,high energy photon,cylindrical ionization chamber,IBA CC13,0.7,0.9876,dimensionless
"IAEA TRS-398 (Rev. 1, 2024)",Table 16,kQ,high energy photon,cylindrical ionization chamber,IBA CC13,0.72,0.9839,dimensionless
"IAEA TRS-398 (Rev. 1, 2024)",Table 16,kQ,high energy photon,cylindrical ionization chamber,IBA CC13,0.74,0.9795,dimensionless
"IAEA TRS-398 (Rev. 1, 2024)",Table 16,kQ,high energy photon,cylindrical ionization chamber,IBA CC13,0.76,0.9742,dimensionless
"IAEA TRS-398 (Rev. 1, 2024)",Table 16,kQ,high energy photon,cylindrical ionization chamber,IBA CC13,0.78,0.9678,dimensionless
"IAEA TRS-398 (Rev. 1, 2024)",Table 16,kQ,high energy photon,cylindrical ionization chamber,IBA CC13,0.8,0.9601,dimensionless
"IAEA TRS-398 (Rev. 1, 2024)",Table 16,kQ,high energy photon,cylindrical ionization chamber,IBA CC13,0.82,0.951,dimensionless
"IAEA TRS-398 (Rev. 1, 2024)",Table 16,kQ,high energy photon,cylindrical ionization chamber,IBA CC25,0.56,1.0004,dimensionless
"IAEA TRS-398 (Rev. 1, 2024)",Table 16,kQ,high energy photon,cylindrical ionization chamber,IBA CC25,0.59,0.9991,dimensionless
"IAEA TRS-398 (Rev. 1, 2024)",Table 16,kQ,high energy photon,cylindrical ionization chamber,IBA CC25,0.62,0.9974,dimensionless
"IAEA TRS-398 (Rev. 1, 2024)",Table 16,kQ,high energy photon,cylindrical ionization chamber,IBA CC25,0.65,0.995,dimensionless
"IAEA TRS-398 (Rev. 1, 2024)",Table 16,kQ,high energy photon,cylindrical ionization chamber,IBA CC25,0.68,0.9918,dimensionless
"IAEA TRS-398 (Rev. 1, 2024)",Table 16,kQ,high energy photon,cylindrical ionization chamber,IBA CC25,0.7,0.989,dimensionless
"IAEA TRS-398 (Rev. 1, 2024)",Table 16,kQ,high energy photon,cylindrical ionization chamber,IBA CC25,0.72,0.9855,dimensionless
"IAEA TRS-398 (Rev. 1, 2024)",Table 16,kQ,high energy photon,cylindrical ionization chamber,IBA CC25,0.74,0.9812,dimensionless
"IAEA TRS-398 (Rev. 1, 2024)",Table 16,kQ,high energy photon,cylindrical ionization chamber,IBA CC25,0.76,0.976,dimensionless
"IAEA TRS-398 (Rev. 1, 2024)",Table 16,kQ,high energy photon,cylindrical ionization chamber,IBA CC25,0.78,0.9695,dimensionless
"IAEA TRS-398 (Rev. 1, 2024)",Table 16,kQ,high energy photon,cylindrical ionization chamber,IBA CC25,0.8,0.9617,dimensionless
"IAEA TRS-398 (Rev. 1, 2024)",Table 16,kQ,high energy photon,cylindrical ionization chamber,IBA CC25,0.82,0.9521,dimensionless
"IAEA TRS-398 (Rev. 1, 2024)",Table 16,kQ,high energy photon,cylindrical ionization chamber,IBA FC23-C,0.56,1.0004,dimensionless
"IAEA TRS-398 (Rev. 1, 2024)",Table 16,kQ,high energy photon,cylindrical ionization chamber,IBA FC23-C,0.59,0.9991,dimensionless
"IAEA TRS-398 (Rev. 1, 2024)",Table 16,kQ,high energy photon,cylindrical ionization chamber,IBA FC23-C,0.62,0.9974,dimensionless
"IAEA TRS-398 (Rev. 1, 2024)",Table 16,kQ,high energy photon,cylindrical ionization chamber,IBA FC23-C,0.65,0.995,dimensionless
"IAEA TRS-398 (Rev. 1, 2024)",Table 16,kQ,high energy photon,cylindrical ionization chamber,IBA FC23-C,0.68,0.9917,dimensionless
"IAEA TRS-398 (Rev. 1, 2024)",Table 16,kQ,high energy photon,cylindrical ionization chamber,IBA FC23-C,0.7,0.9888,dimensionless
"IAEA TRS-398 (Rev. 1, 2024)",Table 16,kQ,high energy photon,cylindrical ionization chamber,IBA FC23-C,0.72,0.9853,dimensionless
"IAEA TRS-398 (Rev. 1, 2024)",Table 16,kQ,high energy photon,cylindrical ionization chamber,IBA FC23-C,0.74,0.981,dimensionless
"IAEA TRS-398 (Rev. 1, 2024)",Table 16,kQ,high energy photon,cylindrical ionization chamber,IBA FC23-C,0.76,0.9758,dimensionless
"IAEA TRS-398 (Rev. 1, 2024)",Table 16,kQ,high energy photon,cylindrical ionization chamber,IBA FC23-C,0.78,0.9693,dimensionless
"IAEA TRS-398 (Rev. 1, 2024)",Table 16,kQ,high energy photon,cylindrical ionization chamber,IBA FC23-C,0.8,0.9614,dimensionless
"IAEA TRS-398 (Rev. 1, 2024)",Table 16,kQ,high energy photon,cylindrical ionization chamber,IBA FC23-C,0.82,0.9519,dimensionless
"IAEA TRS-398 (Rev. 1, 2024)",Table 16,kQ,high energy photon,cylindrical ionization chamber,IBA FC65-G,0.56,1.0004,dimensionless
"IAEA TRS-398 (Rev. 1, 2024)",Table 16,kQ,high energy photon,cylindrical ionization chamber,IBA FC65-G,0.59,0.999,dimensionless
"IAEA TRS-398 (Rev. 1, 2024)",Table 16,kQ,high energy photon,cylindrical ionization chamber,IBA FC65-G,0.62,0.9972,dimensionless
"IAEA TRS-398 (Rev. 1, 2024)",Table 16,kQ,high energy photon,cylindrical ionization chamber,IBA FC65-G,0.65,0.9946,dimensionless
"IAEA TRS-398 (Rev. 1, 2024)",Table 16,kQ,high energy photon,cylindrical ionization chamber,IBA FC65-G,0.68,0.9912,dimensionless
"IAEA TRS-398 (Rev. 1, 2024)",Table 16,kQ,high energy photon,cylindrical ionization chamber,IBA FC65-G,0.7,0.9882,dimensionless
"IAEA TRS-398 (Rev. 1, 2024)",Table 16,kQ,high energy photon,cylindrical ionization chamber,IBA FC65-G,0.72,0.9846,dimensionless
"IAEA TRS-398 (Rev. 1, 2024)",Table 16,kQ,high energy photon,cylindrical ionization chamber,IBA FC65-G,0.74,0.9802,dimensionless
"IAEA TRS-398 (Rev. 1, 2024)",Table 16,kQ,high energy photon,cylindrical ionization chamber,IBA FC65-G,0.76,0.9748,dimensionless
"IAEA TRS-398 (Rev. 1, 2024)",Table 16,kQ,high energy photon,cylindrical ionization chamber,IBA FC65-G,0.78,0.9683,dimensionless
"IAEA TRS-398 (Rev. 1, 2024)",Table 16,kQ,high energy photon,cylindrical ionization chamber,IBA FC65-G,0.8,0.9603,dimensionless
"IAEA TRS-398 (Rev. 1, 2024)",Table 16,kQ,high energy photon,cylindrical ionization chamber,IBA FC65-G,0.82,0.9507,dimensionless
"IAEA TRS-398 (Rev. 1, 2024)",Table 16,kQ,high energy photon,cylindrical ionization chamber,IBA FC65-P,0.56,1.0005,dimensionless
"IAEA TRS-398 (Rev. 1, 2024)",Table 16,kQ,high energy photon,cylindrical ionization chamber,IBA FC65-P,0.59,0.9988,dimensionless
"IAEA TRS-398 (Rev. 1, 2024)",Table 16,kQ,high energy photon,cylindrical ionization chamber,IBA FC65-P,0.62,0.9966,dimensionless
"IAEA TRS-398 (Rev. 1, 2024)",Table 16,kQ,high energy photon,cylindrical ionization chamber,IBA FC65-P,0.65,0.9936,dimensionless
"IAEA TRS-398 (Rev. 1, 2024)",Table 16,kQ,high energy photon,cylindrical ionization chamber,IBA FC65-P,0.68,0.9897,dimensionless
"IAEA TRS-398 (Rev. 1, 2024)",Table 16,kQ,high energy photon,cylindrical ionization chamber,IBA FC65-P,0.7,0.9865,dimensionless
"IAEA TRS-398 (Rev. 1, 2024)",Table 16,kQ,high energy photon,cylindrical ionization chamber,IBA FC65-P,0.72,0.9826,dimensionless
"IAEA TRS-398 (Rev. 1, 2024)",Table 16,kQ,high energy photon,cylindrical ionization chamber,IBA FC65-P,0.74,0.978,dimensionless
"IAEA TRS-398 (Rev. 1, 2024)",Table 16,kQ,high energy photon,cylindrical ionization chamber,IBA FC65-P,0.76,0.9725,dimensionless
"IAEA TRS-398 (Rev. 1, 2024)",Table 16,kQ,high energy photon,cylindrical ionization chamber,IBA FC65-P,0.78,0.966,dimensionless
"IAEA TRS-398 (Rev. 1, 2024)",Table 16,kQ,high energy photon,cylindrical ionization chamber,IBA FC65-P,0.8,0.9583,dimensionless
"IAEA TRS-398 (Rev. 1, 2024)",Table 16,kQ,high energy photon,cylindrical ionization chamber,IBA FC65-P,0.82,0.9491,dimensionless
"IAEA TRS-398 (Rev. 1, 2024)",Table 16,kQ,high energy photon,cylindrical ionization chamber,NE 2561/2611A,0.56,1.0003,dimensionless
"IAEA TRS-398 (Rev. 1, 2024)",Table 16,kQ,high energy photon,cylindrical ionization chamber,NE 2561/2611A,0.59,0.9992,dimensionless
"IAEA TRS-398 (Rev. 1, 2024)",Table 16,kQ,high energy photon,cylindrical ionization chamber,NE 2561/2611A,0.62,0.9977,dimensionless
"IAEA TRS-398 (Rev. 1, 2024)",Table 16,kQ,high energy photon,cylindrical ionization chamber,NE 2561/2611A,0.65,0.9955,dimensionless
"IAEA TRS-398 (Rev. 1, 2024)",Table 16,kQ,high energy photon,cylindrical ionization chamber,NE 2561/2611A,0.68,0.9925,dimensionless
"IAEA TRS-398 (Rev. 1, 2024)",Table 16,kQ,high energy photon,cylindrical ionization chamber,NE 2561/2611A,0.7,0.9898,dimensionless
"IAEA TRS-398 (Rev. 1, 2024)",Table 16,kQ,high energy photon,cylindrical ionization chamber,NE 2561/2611A,0.72,0.9865,dimensionless
"IAEA TRS-398 (Rev. 1, 2024)",Table 16,kQ,high energy photon,cylindrical ionization chamber,NE 2561/2611A,0.74,0.9823,dimensionless
"IAEA TRS-398 (Rev. 1, 2024)",Table 16,kQ,high energy photon,cylindrical ionization chamber,NE 2561/2611A,0.76,0.9771,dimensionless
"IAEA TRS-398 (Rev. 1, 2024)",Table 16,kQ,high energy photon,cylindrical ionization chamber,NE 2561/2611A,0.78,0.9706,dimensionless
"IAEA TRS-398 (Rev. 1, 2024)",Table 16,kQ,high energy photon,cylindrical ionization chamber,NE 2561/2611A,0.8,0.9627,dimensionless
"IAEA TRS-398 (Rev. 1, 2024)",Table 16,kQ,high energy photon,cylindrical ionization chamber,NE 2561/2611A,0.82,0.9528,dimensionless
"IAEA TRS-398 (Rev. 1, 2024)",Table 16,kQ,high energy photon,cylindrical ionization chamber,NE 2571,0.56,1.0004,dimensionless
"IAEA TRS-398 (Rev. 1, 2024)",Table 16,kQ,high energy photon,cylindrical ionization chamber,NE 2571,0.59,0.9991,dimensionless
"IAEA TRS-398 (Rev. 1, 2024)",Table 16,kQ,high energy photon,cylindrical ionization chamber,NE 2571,0.62,0.9974,dimensionless
"IAEA TRS-398 (Rev. 1, 2024)",Table 16,kQ,high energy photon,cylindrical ionization chamber,NE 2571,0.65,0.9951,dimensionless
"IAEA TRS-398 (Rev. 1, 2024)",Table 16,kQ,high energy photon,cylindrical ionization chamber,NE 2571,0.68,0.9919,dimensionless
"IAEA TRS-398 (Rev. 1, 2024)",Table 16,kQ,high energy photon,cylindrical ionization chamber,NE 2571,0.7,0.9891,dimensionless
"IAEA TRS-398 (Rev. 1, 2024)",Table 16,kQ,high energy photon,cylindrical ionization chamber,NE 2571,0.72,0.9856,dimensionless
"IAEA TRS-398 (Rev. 1, 2024)",Table 16,kQ,high energy photon,cylindrical ionization chamber,NE 2571,0.74,0.9813,dimensionless
"IAEA TRS-398 (Rev. 1, 2024)",Table 16,kQ,high energy photon,cylindrical ionization chamber,NE 2571,0.76,0.9761,dimensionless
"IAEA TRS-398 (Rev. 1, 2024)",Table 16,kQ,high energy photon,cylindrical ionization chamber,NE 2571,0.78,0.9697,dimensionless
"IAEA TRS-398 (Rev. 1, 2024)",Table 16,kQ,high energy photon,cylindrical ionization chamber,NE 2571,0.8,0.9618,dimensionless
"IAEA TRS-398 (Rev. 1, 2024)",Table 16,kQ,high energy photon,cylindrical ionization chamber,NE 2571,0.82,0.9522,dimensionless
"IAEA TRS-398 (Rev. 1, 2024)",Table 16,kQ,high energy photon,cylindrical ionization chamber,PTW 30010,0.56,1.0005,dimensionless
"IAEA TRS-398 (Rev. 1, 2024)",Table 16,kQ,high energy photon,cylindrical ionization chamber,PTW 30010,0.59,0.9989,dimensionless
"IAEA TRS-398 (Rev. 1, 2024)",Table 16,kQ,high energy photon,cylindrical ionization chamber,PTW 30010,0.62,0.9967,dimensionless
"IAEA TRS-398 (Rev. 1, 2024)",Table 16,kQ,high energy photon,cylindrical ionization chamber,PTW 30010,0.65,0.9938,dimensionless
"IAEA TRS-398 (Rev. 1, 2024)",Table 16,kQ,high energy photon,cylindrical ionization chamber,PTW 30010,0.68,0.9901,dimensionless
"IAEA TRS-398 (Rev. 1, 2024)",Table 16,kQ,high energy photon,cylindrical ionization chamber,PTW 30010,0.7,0.9869,dimensionless
"IAEA TRS-398 (Rev. 1, 2024)",Table 16,kQ,high energy photon,cylindrical ionization chamber,PTW 30010,0.72,0.9832,dimensionless
"IAEA TRS-398 (Rev. 1, 2024)",Table 16,kQ,high energy photon,cylindrical ionization chamber,PTW 30010,0.74,0.9787,dimensionless
"IAEA TRS-398 (Rev. 1, 2024)",Table 16,kQ,high energy photon,cylindrical ionization chamber,PTW 30010,0.76,0.9734,dimensionless
"IAEA TRS-398 (Rev. 1, 2024)",Table 16,kQ,high energy photon,cylindrical ionization chamber,PTW 30010,0.78,0.9671,dimensionless
"IAEA TRS-398 (Rev. 1, 2024)",Table 16,kQ,high energy photon,cylindrical ionization chamber,PTW 30010,0.8,0.9595,dimensionless
"IAEA TRS-398 (Rev. 1, 2024)",Table 16,kQ,high energy photon,cylindrical ionization chamber,PTW 30010,0.82,0.9506,dimensionless
"IAEA TRS-398 (Rev. 1, 2024)",Table 16,kQ,high energy photon,cylindrical ionization chamber,PTW 30011,0.56,1.0005,dimensionless
"IAEA TRS-398 (Rev. 1, 2024)",Table 16,kQ,high energy photon,cylindrical ionization chamber,PTW 30011,0.59,0.9989,dimensionless
"IAEA TRS-398 (Rev. 1, 2024)",Table 16,kQ,high energy photon,cylindrical ionization chamber,PTW 30011,0.62,0.9969,dimensionless
"IAEA TRS-398 (Rev. 1, 2024)",Table 16,kQ,high energy photon,cylindrical ionization chamber,PTW 30011,0.65,0.9942,dimensionless
"IAEA TRS-398 (Rev. 1, 2024)",Table 16,kQ,high energy photon,cylindrical ionization chamber,PTW 30011,0.68,0.9906,dimensionless
"IAEA TRS-398 (Rev. 1, 2024)",Table 16,kQ,high energy photon,cylindrical ionization chamber,PTW 30011,0.7,0.9875,dimensionless
"IAEA TRS-398 (Rev. 1, 2024)",Table 16,kQ,high energy photon,cylindrical ionization chamber,PTW 30011,0.72,0.9838,dimensionless
"IAEA TRS-398 (Rev. 1, 2024)",Table 16,kQ,high energy photon,cylindrical ionization chamber,PTW 30011,0.74,0.9793,dimensionless
"IAEA TRS-398 (Rev. 1, 2024)",Table 16,kQ,high energy photon,cylindrical ionization chamber,PTW 30011,0.76,0.9739,dimensionless
"IAEA TRS-398 (Rev. 1, 2024)",Table 16,kQ,high energy photon,cylindrical ionization chamber,PTW 30011,0.78,0.9674,dimensionless
"IAEA TRS-398 (Rev. 1, 2024)",Table 16,kQ,high energy photon,cylindrical ionization chamber,PTW 30011,0.8,0.9595,dimensionless
"IAEA TRS-398 (Rev. 1, 2024)",Table 16,kQ,high energy photon,cylindrical ionization chamber,PTW 30011,0.82,0.9501,dimensionless
"IAEA TRS-398 (Rev. 1, 2024)",Table 16,kQ,high energy photon,cylindrical ionization chamber,PTW 30012,0.56,1.0004,dimensionless
"IAEA TRS-398 (Rev. 1, 2024)",Table 16,kQ,high energy photon,cylindrical ionization chamber,PTW 30012,0.59,0.999,dimensionless
"IAEA TRS-398 (Rev. 1, 2024)",Table 16,kQ,high energy photon,cylindrical ionization chamber,PTW 30012,0.62,0.997,dimensionless
"IAEA TRS-398 (Rev. 1, 2024)",Table 16,kQ,high energy photon,cylindrical ionization chamber,PTW 30012,0.65,0.9944,dimensionless
"IAEA TRS-398 (Rev. 1, 2024)",Table 16,kQ,high energy photon,cylindrical ionization chamber,PTW 30012,0.68,0.991,dimensionless
"IAEA TRS-398 (Rev. 1, 2024)",Table 16,kQ,high energy photon,cylindrical ionization chamber,PTW 30012,0.7,0.9881,dimensionless
"IAEA TRS-398 (Rev. 1, 2024)",Table 16,kQ,high energy photon,cylindrical ionization chamber,PTW 30012,0.72,0.9846,dimensionless
"IAEA TRS-398 (Rev. 1, 2024)",Table 16,kQ,high energy photon,cylindrical ionization chamber,PTW 30012,0.74,0.9804,dimensionless
"IAEA TRS-398 (Rev. 1, 2024)",Table 16,kQ,high energy photon,cylindrical ionization chamber,PTW 30012,0.76,0.9754,dimensionless
"IAEA TRS-398 (Rev. 1, 2024)",Table 16,kQ,high energy photon,cylindrical ionization chamber,PTW 30012,0.78,0.9694,dimensionless
"IAEA TRS-398 (Rev. 1, 2024)",Table 16,kQ,high energy photon,cylindrical ionization chamber,PTW 30012,0.8,0.9622,dimensionless
"IAEA TRS-398 (Rev. 1, 2024)",Table 16,kQ,high energy photon,cylindrical ionization chamber,PTW 30012,0.82,0.9536,dimensionless
"IAEA TRS-398 (Rev. 1, 2024)",Table 16,kQ,high energy photon,cylindrical ionization chamber,PTW 30013,0.56,1.0007,dimensionless
"IAEA TRS-398 (Rev. 1, 2024)",Table 16,kQ,high energy photon,cylindrical ionization chamber,PTW 30013,0.59,0.9984,dimensionless
"IAEA TRS-398 (Rev. 1, 2024)",Table 16,kQ,high energy photon,cylindrical ionization chamber,PTW 30013,0.62,0.9956,dimensionless
"IAEA TRS-398 (Rev. 1, 2024)",Table 16,kQ,high energy photon,cylindrical ionization chamber,PTW 30013,0.65,0.992,dimensionless
"IAEA TRS-398 (Rev. 1, 2024)",Table 16,kQ,high energy photon,cylindrical ionization chamber,PTW 30013,0.68,0.9876,dimensionless
"IAEA TRS-398 (Rev. 1, 2024)",Table 16,kQ,high energy photon,cylindrical ionization chamber,PTW 30013,0.7,0.984,dimensionless
"IAEA TRS-398 (Rev. 1, 2024)",Table 16,kQ,high energy photon,cylindrical ionization chamber,PTW 30013,0.72,0.98,dimensionless
"IAEA TRS-398 (Rev. 1, 2024)",Table 16,kQ,high energy photon,cylindrical ionization chamber,PTW 30013,0.74,0.9753,dimensionless
"IAEA TRS-398 (Rev. 1, 2024)",Table 16,kQ,high energy photon,cylindrical ionization chamber,PTW 30013,0.76,0.9699,dimensionless
"IAEA TRS-398 (Rev. 1, 2024)",Table 16,kQ,high energy photon,cylindrical ionization chamber,PTW 30013,0.78,0.9636,dimensionless
"IAEA TRS-398 (Rev. 1, 2024)",Table 16,kQ,high energy photon,cylindrical ionization chamber,PTW 30013,0.8,0.9565,dimensionless
"IAEA TRS-398 (Rev. 1, 2024)",Table 16,kQ,high energy photon,cylindrical ionization chamber,PTW 30013,0.82,0.9484,dimensionless
"IAEA TRS-398 (Rev. 1, 2024)",Table 16,kQ,high energy photon,cylindrical ionization chamber,PTW 31010,0.56,1.0008,dimensionless
"IAEA TRS-398 (Rev. 1, 2024)",Table 16,kQ,high energy photon,cylindrical ionization chamber,PTW 31010,0.59,0.9982,dimensionless
"IAEA TRS-398 (Rev. 1, 2024)",Table 16,kQ,high energy photon,cylindrical ionization chamber,PTW 31010,0.62,0.9952,dimensionless
"IAEA TRS-398 (Rev. 1, 2024)",Table 16,kQ,high energy photon,cylindrical ionization chamber,PTW 31010,0.65,0.9914,dimensionless
"IAEA TRS-398 (Rev. 1, 2024)",Table 16,kQ,high energy photon,cylindrical ionization chamber,PTW 31010,0.68,0.9869,dimensionless
"IAEA TRS-398 (Rev. 1, 2024)",Table 16,kQ,high energy photon,cylindrical ionization chamber,PTW 31010,0.7,0.9835,dimensionless
"IAEA TRS-398 (Rev. 1, 2024)",Table 16,kQ,high energy photon,cylindrical ionization chamber,PTW 31010,0.72,0.9795,dimensionless
"IAEA TRS-398 (Rev. 1, 2024)",Table 16,kQ,high energy photon,cylindrical ionization chamber,PTW 31010,0.74,0.975,dimensionless
"IAEA TRS-398 (Rev. 1, 2024)",Table 16,kQ,high energy photon,cylindrical ionization chamber,PTW 31010,0.76,0.97,dimensionless
"IAEA TRS-398 (Rev. 1, 2024)",Table 16,kQ,high energy photon,cylindrical ionization chamber,PTW 31010,0.78,0.9643,dimensionless
"IAEA TRS-398 (Rev. 1, 2024)",Table 16,kQ,high energy photon,cylindrical ionization chamber,PTW 31010,0.8,0.9579,dimensionless
"IAEA TRS-398 (Rev. 1, 2024)",Table 16,kQ,high energy photon,cylindrical ionization chamber,PTW 31010,0.82,0.9507,dimensionless
"IAEA TRS-398 (Rev. 1, 2024)",Table 16,kQ,high energy photon,cylindrical ionization chamber,PTW 31013,0.56,1.0007,dimensionless
"IAEA TRS-398 (Rev. 1, 2024)",Table 16,kQ,high energy photon,cylindrical ionization chamber,PTW 31013,0.59,0.9985,dimensionless
"IAEA TRS-398 (Rev. 1, 2024)",Table 16,kQ,high energy photon,cylindrical ionization chamber,PTW 31013,0.62,0.9958,dimensionless
"IAEA TRS-398 (Rev. 1, 2024)",Table 16,kQ,high energy photon,cylindrical ionization chamber,PTW 31013,0.65,0.9924,dimensionless
"IAEA TRS-398 (Rev. 1, 2024)",Table 16,kQ,high energy photon,cylindrical ionization chamber,PTW 31013,0.68,0.9882,dimensionless
"IAEA TRS-398 (Rev. 1, 2024)",Table 16,kQ,high energy photon,cylindrical ionization chamber,PTW 31013,0.7,0.9848,dimensionless
"IAEA TRS-398 (Rev. 1, 2024)",Table 16,kQ,high energy photon,cylindrical ionization chamber,PTW 31013,0.72,0.981,dimensionless
"IAEA TRS-398 (Rev. 1, 2024)",Table 16,kQ,high energy photon,cylindrical ionization chamber,PTW 31013,0.74,0.9765,dimensionless
"IAEA TRS-398 (Rev. 1, 2024)",Table 16,kQ,high energy photon,cylindrical ionization chamber,PTW 31013,0.76,0.9714,dimensionless
"IAEA TRS-398 (Rev. 1, 2024)",Table 16,kQ,high energy photon,cylindrical ionization chamber,PTW 31013,0.78,0.9655,dimensionless
"IAEA TRS-398 (Rev. 1, 2024)",Table 16,kQ,high energy photon,cylindrical ionization chamber,PTW 31013,0.8,0.9588,dimensionless
"IAEA TRS-398 (Rev. 1, 2024)",Table 16,kQ,high energy photon,cylindrical ionization chamber,PTW 31013,0.82,0.9511,dimensionless
"IAEA TRS-398 (Rev. 1, 2024)",Table 16,kQ,high energy photon,cylindrical ionization chamber,PTW 31016,0.56,1.0006,dimensionless
"IAEA TRS-398 (Rev. 1, 2024)",Table 16,kQ,high energy photon,cylindrical ionization chamber,PTW 31016,0.59,0.9987,dimensionless
"IAEA TRS-398 (Rev. 1, 2024)",Table 16,kQ,high energy photon,cylindrical ionization chamber,PTW 31016,0.62,0.9962,dimensionless
"IAEA TRS-398 (Rev. 1, 2024)",Table 16,kQ,high energy photon,cylindrical ionization chamber,PTW 31016,0.65,0.993,dimensionless
"IAEA TRS-398 (Rev. 1, 2024)",Table 16,kQ,high energy photon,cylindrical ionization chamber,PTW 31016,0.68,0.9888,dimensionless
"IAEA TRS-398 (Rev. 1, 2024)",Table 16,kQ,high energy photon,cylindrical ionization chamber,PTW 31016,0.7,0.9853,dimensionless
"IAEA TRS-398 (Rev. 1, 2024)",Table 16,kQ,high energy photon,cylindrical ionization chamber,PTW 31016,0.72,0.9812,dimensionless
"IAEA TRS-398 (Rev. 1, 2024)",Table 16,kQ,high energy photon,cylindrical ionization chamber,PTW 31016,0.74,0.9762,dimensionless
"IAEA TRS-398 (Rev. 1, 2024)",Table 16,kQ,high energy photon,cylindrical ionization chamber,PTW 31016,0.76,0.9703,dimensionless
"IAEA TRS-398 (Rev. 1, 2024)",Table 16,kQ,high energy photon,cylindrical ionization chamber,PTW 31016,0.78,0.9632,dimensionless
"IAEA TRS-398 (Rev. 1, 2024)",Table 16,kQ,high energy photon,cylindrical ionization chamber,PTW 31016,0.8,0.9549,dimensionless
"IAEA TRS-398 (Rev. 1, 2024)",Table 16,kQ,high energy photon,cylindrical ionization chamber,PTW 31016,0.82,0.9451,dimensionless
"IAEA TRS-398 (Rev. 1, 2024)",Table 16,kQ,high energy photon,cylindrical ionization chamber,PTW 31021,0.56,1.0007,dimensionless
"IAEA TRS-398 (Rev. 1, 2024)",Table 16,kQ,high energy photon,cylindrical ionization chamber,PTW 31021,0.59,0.9984,dimensionless
"IAEA TRS-398 (Rev. 1, 2024)",Table 16,kQ,high energy photon,cylindrical ionization chamber,PTW 31021,0.62,0.9957,dimensionless
"IAEA TRS-398 (Rev. 1, 2024)",Table 16,kQ,high energy photon,cylindrical ionization chamber,PTW 31021,0.65,0.9925,dimensionless
"IAEA TRS-398 (Rev. 1, 2024)",Table 16,kQ,high energy photon,cylindrical ionization chamber,PTW 31021,0.68,0.9886,dimensionless
"IAEA TRS-398 (Rev. 1, 2024)",Table 16,kQ,high energy photon,cylindrical ionization chamber,PTW 31021,0.7,0.9856,dimensionless
"IAEA TRS-398 (Rev. 1, 2024)",Table 16,kQ,high energy photon,cylindrical ionization chamber,PTW 31021,0.72,0.9823,dimensionless
"IAEA TRS-398 (Rev. 1, 2024)",Table 16,kQ,high energy photon,cylindrical ionization chamber,PTW 31021,0.74,0.9786,dimensionless
"IAEA TRS-398 (Rev. 1, 2024)",Table 16,kQ,high energy photon,cylindrical ionization chamber,PTW 31021,0.76,0.9744,dimensionless
"IAEA TRS-398 (Rev. 1, 2024)",Table 16,kQ,high energy photon,cylindrical ionization chamber,PTW 31021,0.78,0.9697,dimensionless
"IAEA TRS-398 (Rev. 1, 2024)",Table 16,kQ,high energy photon,cylindrical ionization chamber,PTW 31021,0.8,0.9645,dimensionless
"IAEA TRS-398 (Rev. 1, 2024)",Table 16,kQ,high energy photon,cylindrical ionization chamber,PTW 31021,0.82,0.9587,dimensionless
"IAEA TRS-398 (Rev. 1, 2024)",Table 16,kQ,high energy photon,cylindrical ionization chamber,PTW 31022,0.56,1.0005,dimensionless
"IAEA TRS-398 (Rev. 1, 2024)",Table 16,kQ,high energy photon,cylindrical ionization chamber,PTW 31022,0.59,0.9989,dimensionless
"IAEA TRS-398 (Rev. 1, 2024)",Table 16,kQ,high energy photon,cylindrical ionization chamber,PTW 31022,0.62,0.9968,dimensionless
"IAEA TRS-398 (Rev. 1, 2024)",Table 16,kQ,high energy photon,cylindrical ionization chamber,PTW 31022,0.65,0.994,dimensionless
"IAEA TRS-398 (Rev. 1, 2024)",Table 16,kQ,high energy photon,cylindrical ionization chamber,PTW 31022,0.68,0.9905,dimensionless
"IAEA TRS-398 (Rev. 1, 2024)",Table 16,kQ,high energy photon,cylindrical ionization chamber,PTW 31022,0.7,0.9875,dimensionless
"IAEA TRS-398 (Rev. 1, 2024)",Table 16,kQ,high energy photon,cylindrical ionization chamber,PTW 31022,0.72,0.984,dimensionless
"IAEA TRS-398 (Rev. 1, 2024)",Table 16,kQ,high energy photon,cylindrical ionization chamber,PTW 31022,0.74,0.9798,dimensionless
"IAEA TRS-398 (Rev. 1, 2024)",Table 16,kQ,high energy photon,cylindrical ionization chamber,PTW 31022,0.76,0.9749,dimensionless
"IAEA TRS-398 (Rev. 1, 2024)",Table 16,kQ,high energy photon,cylindrical ionization chamber,PTW 31022,0.78,0.969,dimensionless
"IAEA TRS-398 (Rev. 1, 2024)",Table 16,kQ,high energy photon,cylindrical ionization chamber,PTW 31022,0.8,0.9621,dimensionless
"IAEA TRS-398 (Rev. 1, 2024)",Table 16,kQ,high energy photon,cylindrical ionization chamber,PTW 31022,0.82,0.954,dimensionless
"IAEA TRS-398 (Rev. 1, 2024)",Table 16,kQ,high energy photon,cylindrical ionization chamber,Sun Nuclear SNC125c,0.56,1.0005,dimensionless
"IAEA TRS-398 (Rev. 1, 2024)",Table 16,kQ,high energy photon,cylindrical ionization chamber,Sun Nuclear SNC125c,0.59,0.9991,dimensionless
"IAEA TRS-398 (Rev. 1, 2024)",Table 16,kQ,high energy photon,cylindrical ionization chamber,Sun Nuclear SNC125c,0.62,0.9971,dimensionless
"IAEA TRS-398 (Rev. 1, 2024)",Table 16,kQ,high energy photon,cylindrical ionization chamber,Sun Nuclear SNC125c,0.65,0.9944,dimensionless
"IAEA TRS-398 (Rev. 1, 2024)",Table 16,kQ,high energy photon,cylindrical ionization chamber,Sun Nuclear SNC125c,0.68,0.9908,dimensionless
"IAEA TRS-398 (Rev. 1, 2024)",Table 16,kQ,high energy photon,cylindrical ionization chamber,Sun Nuclear SNC125c,0.7,0.9878,dimensionless
"IAEA TRS-398 (Rev. 1, 2024)",Table 16,kQ,high energy photon,cylindrical ionization chamber,Sun Nuclear SNC125c,0.72,0.984,dimensionless
"IAEA TRS-398 (Rev. 1, 2024)",Table 16,kQ,high energy photon,cylindrical ionization chamber,Sun Nuclear SNC125c,0.74,0.9794,dimensionless
"IAEA TRS-398 (Rev. 1, 2024)",Table 16,kQ,high energy photon,cylindrical ionization chamber,Sun Nuclear SNC125c,0.76,0.9739,dimensionless
"IAEA TRS-398 (Rev. 1, 2024)",Table 16,kQ,high energy photon,cylindrical ionization chamber,Sun Nuclear SNC125c,0.78,0.9671,dimensionless
"IAEA TRS-398 (Rev. 1, 2024)",Table 16,kQ,high energy photon,cylindrical ionization chamber,Sun Nuclear SNC125c,0.8,0.959,dimensionless
"IAEA TRS-398 (Rev. 1, 2024)",Table 16,kQ,high energy photon,cylindrical ionization chamber,Sun Nuclear SNC125c,0.82,0.9492,dimensionless
"IAEA TRS-398 (Rev. 1, 2024)",Table 16,kQ,high energy photon,cylindrical ionization chamber,Sun Nuclear SNC600c,0.56,1.0004,dimensionless
"IAEA TRS-398 (Rev. 1, 2024)",Table 16,kQ,high energy photon,cylindrical ionization chamber,Sun Nuclear SNC600c,0.59,0.9993,dimensionless
"IAEA TRS-398 (Rev. 1, 2024)",Table 16,kQ,high energy photon,cylindrical ionization chamber,Sun Nuclear SNC600c,0.62,0.9978,dimensionless
"IAEA TRS-398 (Rev. 1, 2024)",Table 16,kQ,high energy photon,cylindrical ionization chamber,Sun Nuclear SNC600c,0.65,0.9957,dimensionless
"IAEA TRS-398 (Rev. 1, 2024)",Table 16,kQ,high energy photon,cylindrical ionization chamber,Sun Nuclear SNC600c,0.68,0.9926,dimensionless
"IAEA TRS-398 (Rev. 1, 2024)",Table 16,kQ,high energy photon,cylindrical ionization chamber,Sun Nuclear SNC600c,0.7,0.9899,dimensionless
"IAEA TRS-398 (Rev. 1, 2024)",Table 16,kQ,high energy photon,cylindrical ionization chamber,Sun Nuclear SNC600c,0.72,0.9866,dimensionless
"IAEA TRS-398 (Rev. 1, 2024)",Table 16,kQ,high energy photon,cylindrical ionization chamber,Sun Nuclear SNC600c,0.74,0.9823,dimensionless
"IAEA TRS-398 (Rev. 1, 2024)",Table 16,kQ,high energy photon,cylindrical ionization chamber,Sun Nuclear SNC600c,0.76,0.977,dimensionless
"IAEA TRS-398 (Rev. 1, 2024)",Table 16,kQ,high energy photon,cylindrical ionization chamber,Sun Nuclear SNC600c,0.78,0.9703,dimensionless
"IAEA TRS-398 (Rev. 1, 2024)",Table 16,kQ,high energy photon,cylindrical ionization chamber,Sun Nuclear SNC600c,0.8,0.962,dimensionless
"IAEA TRS-398 (Rev. 1, 2024)",Table 16,kQ,high energy photon,cylindrical ionization chamber,Sun Nuclear SNC600c,0.82,0.9517,dimensionless
